,LV,InhibitLV,AntLV,Replicator,NodeBalance,Stochastic,Composite
B.Longum,0.8482142857142857,0.8035714285714286,0.6785714285714286,0.7410714285714285,0.8125,0.8125,0.8035714285714286
