,LV,InhibitLV,AntLV,Replicator,NodeBalance,Stochastic,Composite
B.Longum,0.6160714285714286,0.5892857142857143,0.5982142857142857,0.5089285714285714,0.625,0.5982142857142857,0.5982142857142857
